TRUNCATE TABLE TB_EMP;
TRUNCATE TABLE TB_DEPT;
TRUNCATE TABLE TB_FAQ;
TRUNCATE TABLE TB_QNA;
TRUNCATE TABLE TB_FILE_DB;
TRUNCATE TABLE TB_GALLERY;
TRUNCATE TABLE TB_MEMBER;

-- 샘플 데이터 입력
INSERT INTO TB_DEPT
VALUES (SQ_DEPT.nextval, 'ACCOUNTING', 'NEW YORK',SYSDATE,NULL);
INSERT INTO TB_DEPT
VALUES (SQ_DEPT.nextval, 'RESEARCH', 'DALLAS', SYSDATE,NULL);
INSERT INTO TB_DEPT
VALUES (SQ_DEPT.nextval, 'SALES', 'CHICAGO', SYSDATE,NULL);
INSERT INTO TB_DEPT
VALUES (SQ_DEPT.nextval, 'OPERATIONS', 'BOSTON', SYSDATE,NULL);

INSERT INTO TB_EMP
VALUES (SQ_EMP.nextval, 'SMITH', 'CLERK', 7902, to_date('17-12-1980', 'dd-mm-yyyy'), 800, NULL,
        10, SYSDATE,NULL);
INSERT INTO TB_EMP
VALUES (SQ_EMP.nextval, 'ALLEN', 'SALESMAN', 7698, to_date('20-2-1981', 'dd-mm-yyyy'), 1600,
        300, 30, SYSDATE,NULL);
INSERT INTO TB_EMP
VALUES (SQ_EMP.nextval, 'WARD', 'SALESMAN', 7698, to_date('22-2-1981', 'dd-mm-yyyy'), 1250, 500,
        30, SYSDATE,NULL);
INSERT INTO TB_EMP
VALUES (SQ_EMP.nextval, 'JONES', 'MANAGER', 7839, to_date('2-4-1981', 'dd-mm-yyyy'), 2975, NULL,
        20, SYSDATE,NULL);
INSERT INTO TB_EMP
VALUES (SQ_EMP.nextval, 'MARTIN', 'SALESMAN', 7698, to_date('28-9-1981', 'dd-mm-yyyy'), 1250,
        1400, 30, SYSDATE,NULL);
INSERT INTO TB_EMP
VALUES (SQ_EMP.nextval, 'BLAKE', 'MANAGER', 7839, to_date('1-5-1981', 'dd-mm-yyyy'), 2850, NULL,
        30, SYSDATE,NULL);
INSERT INTO TB_EMP
VALUES (SQ_EMP.nextval, 'CLARK', 'MANAGER', 7839, to_date('9-6-1981', 'dd-mm-yyyy'), 2450, NULL,
        10, SYSDATE,NULL);
INSERT INTO TB_EMP
VALUES (SQ_EMP.nextval, 'SCOTT', 'ANALYST', 7566, to_date('13-07-1987', 'dd-mm-yyyy'), 3000,
        NULL, 20, SYSDATE,NULL);
INSERT INTO TB_EMP
VALUES (SQ_EMP.nextval, 'KING', 'PRESIDENT', NULL, to_date('17-11-1981', 'dd-mm-yyyy'), 5000,
        NULL, 10, SYSDATE,NULL);
INSERT INTO TB_EMP
VALUES (SQ_EMP.nextval, 'TURNER', 'SALESMAN', 7698, to_date('8-9-1981', 'dd-mm-yyyy'), 1500, 0,
        30, SYSDATE,NULL);
INSERT INTO TB_EMP
VALUES (SQ_EMP.nextval, 'ADAMS', 'CLERK', 7788, to_date('13-07-1987', 'dd-mm-yyyy'), 1100, NULL,
        20, SYSDATE,NULL);
INSERT INTO TB_EMP
VALUES (SQ_EMP.nextval, 'JAMES', 'CLERK', 7698, to_date('3-12-1981', 'dd-mm-yyyy'), 950, NULL,
        30, SYSDATE,NULL);
INSERT INTO TB_EMP
VALUES (SQ_EMP.nextval, 'FORD', 'ANALYST', 7566, to_date('3-12-1981', 'dd-mm-yyyy'), 3000, NULL,
        20, SYSDATE,NULL);
INSERT INTO TB_EMP
VALUES (SQ_EMP.nextval, 'MILLER', 'CLERK', 7782, to_date('23-1-1982', 'dd-mm-yyyy'), 1300, NULL,
        10, SYSDATE,NULL);

INSERT INTO TB_FAQ
VALUES (SQ_FAQ.nextval, '제목', '해결방법', SYSDATE ,NULL);
INSERT INTO TB_FAQ
VALUES (SQ_FAQ.nextval, '제목2', '해결방법2', SYSDATE ,NULL);
INSERT INTO TB_FAQ
VALUES (SQ_FAQ.nextval, '제목3', '해결방법3', SYSDATE ,NULL);
INSERT INTO TB_FAQ
VALUES (SQ_FAQ.nextval, '제목4', '해결방법4', SYSDATE ,NULL);

INSERT INTO TB_QNA
VALUES (SQ_QNA.nextval, '홍길동', '서비스 신청 방법이 궁금합니다.', '홈페이지에서 신청 가능합니다.','관리자',SYSDATE ,NULL);
INSERT INTO TB_QNA
VALUES (SQ_QNA.nextval, '장길산', '비밀번호를 잊어버렸어요.', '비밀번호 재설정 페이지를 이용하세요.','관리자',SYSDATE ,NULL);
INSERT INTO TB_QNA
VALUES (SQ_QNA.nextval, '임꺽정', '문의 답변은 얼마나 걸리나요?', NULL,'관리자',SYSDATE ,NULL);
INSERT INTO TB_QNA
VALUES (SQ_QNA.nextval, '전우치', '이벤트 참여 조건이 어떻게 되나요?', '회원 가입 후 첫 구매 시 자동 참여됩니다.','관리자',SYSDATE ,NULL);

INSERT INTO TB_FILE_DB(UUID, FILE_TITLE, FILE_CONTENT, FILE_DATA, FILE_URL, INSERT_TIME)
VALUES (12345671, '제목1', '내용1',NULL, 'https://placehold.co/600x400', SYSDATE);
INSERT INTO TB_FILE_DB(UUID, FILE_TITLE, FILE_CONTENT, FILE_DATA, FILE_URL, INSERT_TIME)
VALUES (12345672, '제목2', '내용2',NULL, 'https://placehold.co/600x400', SYSDATE);
INSERT INTO TB_FILE_DB(UUID, FILE_TITLE, FILE_CONTENT, FILE_DATA, FILE_URL, INSERT_TIME)
VALUES (12345673, '제목3', '내용3',NULL, 'https://placehold.co/600x400', SYSDATE);
INSERT INTO TB_FILE_DB(UUID, FILE_TITLE, FILE_CONTENT, FILE_DATA, FILE_URL, INSERT_TIME)
VALUES (12345674, '제목4', '내용4',NULL, 'https://placehold.co/600x400', SYSDATE);

INSERT INTO TB_GALLERY(UUID, GALLERY_TITLE, GALLERY_DATA, GALLERY_FILE_URL, INSERT_TIME)
VALUES (12345671, '제목1',NULL, 'https://placehold.co/600x400', SYSDATE);

INSERT INTO TB_GALLERY(UUID, GALLERY_TITLE, GALLERY_DATA, GALLERY_FILE_URL, INSERT_TIME)
VALUES (12345672, '제목2',NULL, 'https://placehold.co/600x400', SYSDATE);

INSERT INTO TB_GALLERY(UUID, GALLERY_TITLE, GALLERY_DATA, GALLERY_FILE_URL, INSERT_TIME)
VALUES (12345673, '제목3',NULL, 'https://placehold.co/600x400', SYSDATE);

INSERT INTO TB_GALLERY(UUID, GALLERY_TITLE, GALLERY_DATA, GALLERY_FILE_URL, INSERT_TIME)
VALUES (12345674, '제목4',NULL, 'https://placehold.co/600x400', SYSDATE);

-- admin user 1명 최초 생성
-- email : forbob@naver.com
-- password : 123456
-- roles : ROLE_ADMIN

-- email : forbob2@naver.com
-- password : 123456
-- roles : ROLE_USER
INSERT INTO TB_MEMBER VALUES('forbob@naver.com','$2a$10$TG1a5ywSrGNgf7/fFH.m0.EdTzHax8AGYNeAr8aIseF3DKyO0lDti','forbob','ROLE_ADMIN', SYSDATE, NULL);
INSERT INTO TB_MEMBER VALUES('forbob2@naver.com','$2a$10$TG1a5ywSrGNgf7/fFH.m0.EdTzHax8AGYNeAr8aIseF3DKyO0lDti','forbob2','ROLE_USER', SYSDATE, NULL);

-- 좋아요 샘플 데이터: forbob@naver.com
INSERT INTO TB_FILE_DB_LIKES VALUES(SQ_FILE_DB_LIKES.nextval, 'forbob@naver.com', '12345671',1,SYSDATE, null);
INSERT INTO TB_FILE_DB_LIKES VALUES(SQ_FILE_DB_LIKES.nextval, 'forbob2@naver.com', '12345671',1,SYSDATE, null);
INSERT INTO TB_FILE_DB_LIKES VALUES(SQ_FILE_DB_LIKES.nextval, 'forbob2@naver.com', '12345672',1,SYSDATE, null);

INSERT INTO TB_GALLERY_LIKES VALUES(SQ_GALLERY_LIKES.nextval, 'forbob@naver.com', '12345671',1,SYSDATE, null);
INSERT INTO TB_GALLERY_LIKES VALUES(SQ_GALLERY_LIKES.nextval, 'forbob2@naver.com', '12345671',1,SYSDATE, null);
INSERT INTO TB_GALLERY_LIKES VALUES(SQ_GALLERY_LIKES.nextval, 'forbob2@naver.com', '12345673',1,SYSDATE, null);

COMMIT;